,probabilities,pred_label,label
0,0.26616174,0,1
1,0.18936563,0,1
2,0.92920107,1,1
3,0.92920107,1,1
4,0.9332695,1,1
5,0.93373877,1,1
6,0.9230837,1,1
7,0.7552187,1,1
8,0.934646,1,1
9,0.93388426,1,1
10,0.9336456,1,1
11,0.9223593,1,1
12,0.93732053,1,1
13,0.9317332,1,1
14,0.9317332,1,1
15,0.9344196,1,1
16,0.93115443,1,1
17,0.1698264,0,1
18,0.9360004,1,1
19,0.9281713,1,1
20,0.93819755,1,1
21,0.93819755,1,1
22,0.9330948,1,1
23,0.93425155,1,1
24,0.8544101,1,1
25,0.6469624,1,1
26,0.93268967,1,1
27,0.93268967,1,1
28,0.9332303,1,1
29,0.931246,1,1
30,0.8687752,1,1
31,0.9329605,1,1
32,0.92909664,1,1
33,0.9314728,1,1
34,0.9314728,1,1
35,0.8653012,1,1
36,0.793473,1,1
37,0.80593675,1,1
38,0.24672054,0,1
39,0.023384467,0,1
40,0.29035595,0,1
41,0.29035595,0,1
42,0.196542,0,0
43,0.77751386,1,0
44,0.77751386,1,0
45,0.922173,1,0
46,0.93322414,1,0
47,0.83593285,1,0
48,0.77074426,1,0
49,0.5717714,1,0
50,0.9318965,1,0
51,0.9303546,1,0
52,0.4891057,0,0
53,0.4891057,0,0
54,0.23858634,0,1
55,0.89581275,1,1
56,0.89581275,1,1
57,0.19407071,0,1
58,0.19407071,0,1
59,0.21982683,0,0
60,0.60098785,1,0
61,0.60098785,1,0
62,0.044478156,0,1
63,0.23924969,0,1
64,0.23924969,0,1
65,0.24451426,0,0
66,0.22637728,0,0
67,0.7514062,1,0
68,0.7514062,1,0
69,0.9067194,1,1
70,0.23281792,0,1
71,0.93150955,1,1
72,0.9237485,1,1
73,0.93278354,1,1
74,0.1996065,0,1
75,0.90985,1,1
76,0.90985,1,1
77,0.92716503,1,0
78,0.8580586,1,0
79,0.927482,1,0
80,0.9235095,1,0
81,0.20748715,0,0
82,0.20748715,0,0
83,0.5854721,1,0
84,0.9057097,1,0
85,0.9057097,1,0
86,0.6576663,1,0
87,0.9326432,1,0
88,0.30809334,0,0
89,0.632721,1,0
90,0.9245708,1,0
91,0.60087633,1,0
92,0.746072,1,0
93,0.746072,1,0
94,0.3528822,0,0
95,0.3528822,0,0
96,0.6828452,1,1
97,0.5870976,1,1
98,0.86874545,1,1
99,0.8687959,1,1
100,0.22804536,0,1
101,0.22804536,0,1
102,0.9137965,1,0
103,0.72168237,1,0
104,0.5486629,1,0
105,0.5486629,1,0
106,0.036690805,0,0
107,0.20337224,0,0
108,0.64094394,1,0
109,0.64094394,1,0
110,0.92705566,1,0
111,0.48347324,0,0
112,0.5313561,1,0
113,0.7671067,1,0
114,0.512473,1,0
115,0.93015194,1,0
116,0.5251164,1,1
117,0.1645726,0,1
118,0.63244,1,1
119,0.8850678,1,1
120,0.92866194,1,1
121,0.089463204,0,1
122,0.2997544,0,1
123,0.2997544,0,1
124,0.023619613,0,0
125,0.023619613,0,0
126,0.924737,1,1
127,0.904379,1,1
128,0.71975183,1,1
129,0.92865616,1,1
130,0.92865616,1,1
131,0.24798085,0,0
132,0.4389552,0,0
133,0.033181008,0,0
134,0.033181008,0,0
135,0.80812955,1,0
136,0.57649034,1,1
137,0.85229963,1,1
138,0.8939437,1,1
139,0.9324517,1,1
140,0.93411076,1,1
141,0.93411076,1,1
142,0.84766996,1,0
143,0.84766996,1,0
144,0.06085164,0,0
145,0.57675356,1,0
146,0.57675356,1,0
147,0.9122527,1,1
148,0.9029257,1,1
149,0.8068075,1,1
150,0.5551926,1,1
151,0.92542106,1,1
152,0.23666388,0,1
153,0.23666388,0,1
154,0.5190089,1,0
155,0.5190089,1,0
156,0.73154813,1,0
157,0.8095832,1,0
158,0.6308982,1,0
159,0.87890846,1,0
160,0.046684384,0,0
161,0.046684384,0,0
162,0.9135708,1,0
163,0.81988484,1,0
164,0.9328902,1,0
165,0.47776037,0,0
166,0.87717086,1,0
167,0.92760444,1,0
168,0.2945932,0,1
169,0.81459826,1,1
170,0.44348517,0,1
171,0.44348517,0,1
172,0.023099119,0,0
173,0.31156924,0,0
174,0.5970017,1,0
175,0.90028113,1,0
176,0.40193284,0,0
177,0.40193284,0,0
178,0.072533034,0,1
179,0.8534638,1,1
180,0.8427045,1,1
181,0.71887183,1,1
182,0.9307204,1,1
183,0.7857835,1,1
184,0.6962421,1,1
185,0.87287533,1,1
186,0.9276705,1,1
187,0.9276705,1,1
188,0.644987,1,0
189,0.90778846,1,0
190,0.6569208,1,0
191,0.5737857,1,0
192,0.5737857,1,0
193,0.92849225,1,1
194,0.55676204,1,1
195,0.7705951,1,1
196,0.8965127,1,1
197,0.808712,1,1
198,0.808712,1,1
199,0.19997264,0,0
200,0.42878485,0,0
201,0.6469751,1,0
202,0.64755285,1,0
203,0.7395707,1,0
204,0.5108407,1,0
205,0.5108407,1,0
206,0.92998266,1,1
207,0.8605492,1,1
208,0.9335784,1,1
209,0.2679358,0,1
210,0.2679358,0,1
211,0.20389704,0,1
212,0.2246281,0,1
213,0.2246281,0,1
214,0.31003886,0,1
215,0.10539756,0,1
216,0.10539756,0,1
217,0.029435704,0,0
218,0.16008373,0,0
219,0.16008373,0,0
220,0.5909638,1,1
221,0.5909638,1,1
222,0.78165483,1,1
223,0.40715814,0,1
224,0.9272591,1,1
225,0.9351102,1,1
226,0.5990628,1,1
227,0.9300378,1,1
228,0.9300378,1,1
229,0.24420632,0,1
230,0.5817885,1,1
231,0.88101006,1,1
232,0.6691056,1,1
233,0.6691056,1,1
234,0.44036224,0,1
235,0.6081118,1,1
236,0.24766386,0,1
237,0.9094811,1,1
238,0.9340919,1,1
239,0.92710817,1,1
240,0.23391047,0,1
241,0.23391047,0,1
242,0.5500975,1,0
243,0.5500975,1,0
244,0.88444984,1,0
245,0.1969161,0,0
246,0.1969161,0,0
247,0.9251581,1,1
248,0.92827034,1,1
249,0.56149733,1,1
250,0.8200359,1,1
251,0.93657196,1,1
252,0.9304242,1,1
253,0.9304242,1,1
254,0.93248135,1,1
255,0.8871345,1,1
256,0.68910795,1,1
257,0.9348812,1,1
258,0.9278395,1,1
259,0.9291947,1,1
260,0.930495,1,1
261,0.930495,1,1
262,0.9319895,1,0
263,0.9307607,1,0
264,0.53382677,1,0
265,0.53382677,1,0
266,0.9186264,1,1
267,0.9186264,1,1
268,0.92868024,1,0
269,0.92868024,1,0
270,0.6292544,1,1
271,0.6265878,1,1
272,0.7477736,1,1
273,0.20677777,0,1
274,0.20677777,0,1
275,0.5641147,1,0
276,0.9328898,1,0
277,0.53926563,1,0
278,0.6480322,1,0
279,0.7573766,1,0
280,0.6401842,1,0
281,0.801784,1,0
282,0.801784,1,0
283,0.045717563,0,0
284,0.045717563,0,0
285,0.67233163,1,0
286,0.2215898,0,0
287,0.50133425,1,0
288,0.20348461,0,0
289,0.20348461,0,0
290,0.63351446,1,1
291,0.9109246,1,1
292,0.9109246,1,1
293,0.22789828,0,0
294,0.19919364,0,0
295,0.3387847,0,0
296,0.41402212,0,0
297,0.082403205,0,0
298,0.6221752,1,0
299,0.6221752,1,0
300,0.024180131,0,0
301,0.15466803,0,0
302,0.12469436,0,0
303,0.12469436,0,0
304,0.34813666,0,0
305,0.34813666,0,0
306,0.10981722,0,1
307,0.10981722,0,1
308,0.91216296,1,0
309,0.9329941,1,0
310,0.9329941,1,0
311,0.84589124,1,1
312,0.93159163,1,1
313,0.9250629,1,1
314,0.9328839,1,1
315,0.932223,1,1
316,0.934032,1,1
317,0.9294676,1,1
318,0.9294676,1,1
319,0.19878039,0,0
320,0.22677886,0,0
321,0.039444834,0,0
322,0.039444834,0,0
323,0.07545664,0,0
324,0.07545664,0,0
325,0.8832361,1,0
326,0.02590571,0,0
327,0.22408059,0,0
328,0.22408059,0,0
329,0.19563122,0,1
330,0.05288716,0,1
331,0.82501715,1,1
332,0.82501715,1,1
333,0.56434786,1,0
334,0.9323551,1,0
335,0.26289105,0,0
336,0.9111771,1,0
337,0.93283737,1,0
338,0.93283737,1,0
339,0.9281542,1,1
340,0.9308791,1,1
341,0.9308791,1,1
342,0.80310905,1,1
343,0.9267644,1,1
344,0.6970448,1,1
345,0.7916324,1,1
346,0.7916324,1,1
347,0.9296283,1,0
348,0.88472706,1,0
349,0.77559656,1,0
350,0.42314306,0,0
351,0.9350036,1,0
352,0.91630214,1,0
353,0.93507683,1,0
354,0.93507683,1,0
355,0.9336435,1,1
356,0.22600383,0,1
357,0.8147401,1,1
358,0.83669007,1,1
359,0.92391735,1,1
360,0.9334259,1,1
361,0.93549865,1,1
362,0.93549865,1,1
363,0.07822585,0,0
364,0.07822585,0,0
365,0.8963931,1,1
366,0.9238219,1,1
367,0.93294203,1,1
368,0.8221694,1,1
369,0.92541504,1,1
370,0.92541504,1,1
371,0.9331462,1,0
372,0.9047769,1,0
373,0.9321968,1,0
374,0.9321968,1,0
375,0.14462191,0,1
376,0.28302377,0,1
377,0.28302377,0,1
378,0.24311727,0,1
379,0.50368863,1,1
380,0.24034439,0,1
381,0.08456781,0,1
382,0.9330126,1,1
383,0.034292914,0,1
384,0.7212788,1,1
385,0.7212788,1,1
386,0.7177404,1,1
387,0.9331797,1,1
388,0.46373814,0,1
389,0.46373814,0,1
390,0.33554944,0,0
391,0.054896306,0,0
392,0.157933,0,0
393,0.17757924,0,0
394,0.17757924,0,0
395,0.21712066,0,1
396,0.21118201,0,1
397,0.21118201,0,1
398,0.8371761,1,0
399,0.8787591,1,0
400,0.93064153,1,0
401,0.9298949,1,0
402,0.9087637,1,0
403,0.9339858,1,0
404,0.9292645,1,0
405,0.9292645,1,0
406,0.57311255,1,0
407,0.57311255,1,0
408,0.81271225,1,1
409,0.8028978,1,1
410,0.186102,0,1
411,0.88832366,1,1
412,0.8971147,1,1
413,0.495157,0,1
414,0.495157,0,1
415,0.47191903,0,1
416,0.9339707,1,1
417,0.23922601,0,1
418,0.23922601,0,1
419,0.920241,1,1
420,0.8023717,1,1
421,0.7283816,1,1
422,0.6373084,1,1
423,0.6373084,1,1
424,0.23657694,0,0
425,0.6515524,1,0
426,0.92297614,1,1
427,0.85612935,1,1
428,0.9301275,1,1
429,0.9321761,1,1
430,0.9321761,1,1
431,0.6868354,1,1
432,0.74068767,1,1
433,0.91801506,1,1
434,0.6971447,1,1
435,0.31387085,0,1
436,0.3386851,0,1
437,0.3386851,0,1
438,0.8678964,1,1
439,0.8678964,1,1
440,0.13924724,0,0
441,0.02436254,0,0
442,0.02436254,0,0
443,0.93183863,1,1
444,0.9256689,1,1
445,0.92997044,1,1
446,0.77417123,1,1
447,0.77417123,1,1
448,0.76745313,1,1
449,0.6905266,1,1
450,0.5750151,1,1
451,0.8536924,1,1
452,0.7418031,1,1
453,0.9109154,1,1
454,0.9109154,1,1
455,0.5185563,1,0
456,0.3173437,0,0
457,0.3173437,0,0
458,0.15766507,0,0
459,0.21364288,0,0
460,0.21364288,0,0
461,0.7766519,1,0
462,0.876164,1,0
463,0.90502435,1,0
464,0.7711006,1,0
465,0.92253214,1,0
466,0.061716124,0,0
467,0.8128928,1,0
468,0.71121794,1,0
469,0.71121794,1,0
470,0.02754258,0,0
471,0.02754258,0,0
472,0.9313331,1,1
473,0.8968705,1,1
474,0.7476914,1,1
475,0.63948274,1,1
476,0.93382627,1,1
477,0.9334052,1,1
478,0.9334052,1,1
479,0.54030025,1,1
480,0.2143995,0,1
481,0.93293184,1,1
482,0.93421847,1,1
483,0.9315489,1,1
484,0.9315489,1,1
485,0.39141902,0,0
486,0.39141902,0,0
487,0.32008675,0,0
488,0.65672755,1,0
489,0.13657963,0,0
490,0.13657963,0,0
491,0.5392221,1,0
492,0.5712736,1,0
493,0.5712736,1,0
494,0.9315479,1,0
495,0.9315479,1,0
496,0.46412414,0,0
497,0.040819354,0,0
498,0.040819354,0,0
499,0.39027536,0,1
500,0.57261103,1,1
501,0.21886428,0,1
502,0.9331315,1,1
503,0.48454246,0,1
504,0.48454246,0,1
505,0.91311675,1,0
506,0.9355505,1,0
507,0.91875136,1,0
508,0.91875136,1,0
509,0.116107546,0,1
510,0.90677106,1,1
511,0.40943354,0,1
512,0.8404698,1,1
513,0.89106745,1,1
514,0.89106745,1,1
515,0.34156173,0,0
516,0.8458076,1,0
517,0.9309253,1,0
518,0.93228817,1,0
519,0.9072074,1,0
520,0.9322567,1,0
521,0.52424896,1,0
522,0.52424896,1,0
523,0.5557071,1,0
524,0.1887807,0,0
525,0.84767324,1,0
526,0.92503464,1,0
527,0.92503464,1,0
528,0.14116712,0,0
529,0.06912134,0,0
530,0.024198905,0,0
531,0.024198905,0,0
532,0.2201286,0,1
533,0.2201286,0,1
534,0.16889377,0,1
535,0.9251491,1,1
536,0.88081825,1,1
537,0.88081825,1,1
538,0.9021548,1,0
539,0.9337711,1,0
540,0.92860293,1,0
541,0.9165045,1,0
542,0.9165045,1,0
543,0.51333195,1,1
544,0.58844954,1,1
545,0.87791574,1,1
546,0.87791574,1,1
547,0.88228595,1,1
548,0.71275914,1,1
549,0.023078693,0,1
550,0.026659757,0,1
551,0.9260755,1,1
552,0.9260755,1,1
553,0.24512924,0,0
554,0.20867561,0,0
555,0.8855374,1,0
556,0.8855374,1,0
557,0.1826242,0,0
558,0.1826242,0,0
559,0.22221394,0,1
560,0.8277038,1,1
561,0.22585756,0,1
562,0.9049639,1,1
563,0.9299485,1,1
564,0.9299485,1,1
565,0.3784567,0,0
566,0.3784567,0,0
567,0.92468375,1,0
568,0.6421668,1,0
569,0.23674005,0,0
570,0.82301086,1,0
571,0.79380053,1,0
572,0.7759102,1,0
573,0.7759102,1,0
574,0.024279898,0,0
575,0.8716896,1,0
576,0.6452426,1,0
577,0.33938682,0,0
578,0.33938682,0,0
579,0.023429599,0,0
580,0.023429599,0,0
581,0.6852566,1,1
582,0.49598253,0,1
583,0.92138165,1,1
584,0.28556514,0,1
585,0.78077954,1,1
586,0.93469673,1,1
587,0.9249944,1,1
588,0.9249944,1,1
589,0.24964873,0,0
590,0.07385107,0,0
591,0.5554879,1,0
592,0.026556998,0,0
593,0.026556998,0,0
594,0.9088029,1,1
595,0.6620565,1,1
596,0.6620565,1,1
597,0.9342142,1,1
598,0.8249844,1,1
599,0.9322188,1,1
600,0.9322188,1,1
601,0.2515834,0,0
602,0.2605733,0,0
603,0.4018725,0,0
604,0.883791,1,0
605,0.883791,1,0
606,0.0230861,0,0
607,0.023337398,0,0
608,0.028195413,0,0
609,0.028195413,0,0
610,0.26319802,0,0
611,0.22689222,0,0
612,0.588979,1,0
613,0.9176378,1,0
614,0.8880564,1,0
615,0.8880564,1,0
616,0.9330871,1,0
617,0.92670316,1,0
618,0.6773777,1,0
619,0.9323507,1,0
620,0.9321388,1,0
621,0.023298336,0,0
622,0.89685476,1,0
623,0.92759377,1,0
624,0.932627,1,0
625,0.932627,1,0
626,0.03564729,0,1
627,0.17771982,0,1
628,0.7071895,1,1
629,0.7071895,1,1
630,0.043899916,0,0
631,0.21897584,0,0
632,0.9182389,1,0
633,0.21444301,0,0
634,0.21444301,0,0
635,0.92914397,1,1
636,0.18629646,0,1
637,0.88172555,1,1
638,0.86434746,1,1
639,0.30619112,0,1
640,0.9027634,1,1
641,0.88184196,1,1
642,0.7052243,1,1
643,0.78892726,1,1
644,0.6550339,1,1
645,0.86761343,1,1
646,0.86630446,1,1
647,0.9288878,1,1
648,0.7244952,1,1
649,0.76187176,1,1
650,0.65303034,1,1
651,0.17347172,0,1
652,0.17347172,0,1
653,0.8542375,1,1
654,0.435501,0,1
655,0.37982866,0,1
656,0.9212805,1,1
657,0.9212805,1,1
658,0.31579718,0,0
659,0.6347218,1,0
660,0.51319027,1,0
661,0.51319027,1,0
662,0.87601715,1,1
663,0.831171,1,1
664,0.9321378,1,1
665,0.9296213,1,1
666,0.9296213,1,1
667,0.112332836,0,0
668,0.18049257,0,0
669,0.07331801,0,0
670,0.07331801,0,0
671,0.027999837,0,0
672,0.6981667,1,0
673,0.12385054,0,0
674,0.5613723,1,0
675,0.023190448,0,0
676,0.023190448,0,0
677,0.55218846,1,1
678,0.6908276,1,1
679,0.032726128,0,1
680,0.032726128,0,1
681,0.03228743,0,0
682,0.5186356,1,0
683,0.5186356,1,0
684,0.92536616,1,1
685,0.9362891,1,1
686,0.92965573,1,1
687,0.9357329,1,1
688,0.867765,1,1
689,0.867765,1,1
690,0.9336956,1,1
691,0.9146496,1,1
692,0.9370255,1,1
693,0.76931137,1,1
694,0.9329601,1,1
695,0.934008,1,1
696,0.934008,1,1
697,0.6956538,1,1
698,0.9273962,1,1
699,0.7782786,1,1
700,0.58333063,1,1
701,0.9172795,1,1
702,0.9172795,1,1
703,0.46636453,0,0
704,0.68984663,1,0
705,0.18310937,0,0
706,0.18310937,0,0
707,0.3187706,0,0
708,0.25702336,0,0
709,0.18658085,0,0
710,0.023121085,0,0
711,0.21762143,0,0
712,0.21762143,0,0
713,0.24405868,0,0
714,0.24405868,0,0
715,0.86867064,1,1
716,0.90506834,1,1
717,0.8989452,1,1
718,0.6913675,1,1
719,0.85752195,1,1
720,0.14225695,0,1
721,0.14225695,0,1
722,0.6173336,1,0
723,0.50299627,1,0
724,0.71435314,1,0
725,0.90994805,1,0
726,0.22853786,0,0
727,0.22853786,0,0
728,0.92353594,1,1
729,0.88229233,1,1
730,0.92916733,1,1
731,0.93039143,1,1
732,0.7173095,1,1
733,0.9325864,1,1
734,0.9325864,1,1
735,0.25218755,0,0
736,0.38450843,0,0
737,0.38450843,0,0
738,0.74111617,1,1
739,0.74111617,1,1
740,0.17535423,0,0
741,0.17535423,0,0
742,0.93456316,1,1
743,0.83487463,1,1
744,0.9248221,1,1
745,0.9030692,1,1
746,0.9353696,1,1
747,0.9357615,1,1
748,0.9357615,1,1
749,0.8468384,1,0
750,0.5815102,1,0
751,0.43762648,0,0
752,0.9138761,1,0
753,0.93174756,1,0
754,0.7281108,1,0
755,0.7281108,1,0
756,0.69538724,1,0
757,0.02300701,0,0
758,0.110209346,0,0
759,0.13333632,0,0
760,0.13333632,0,0
761,0.1215442,0,0
762,0.5667857,1,0
763,0.5667857,1,0
764,0.17508955,0,0
765,0.1434409,0,0
766,0.1434409,0,0
767,0.46833,0,1
768,0.19594292,0,1
769,0.08277146,0,1
770,0.21918756,0,1
771,0.21918756,0,1
772,0.61943835,1,0
773,0.7146418,1,0
774,0.8288599,1,0
775,0.8288599,1,0
776,0.9042402,1,1
777,0.9042402,1,1
778,0.9328303,1,1
779,0.7858823,1,1
780,0.9320515,1,1
781,0.92298114,1,1
782,0.913014,1,1
783,0.91864747,1,1
784,0.91864747,1,1
785,0.92335266,1,1
786,0.93294555,1,1
787,0.92877454,1,1
788,0.93242395,1,1
789,0.93394136,1,1
790,0.84784347,1,1
791,0.9320791,1,1
792,0.9335027,1,1
793,0.9208776,1,1
794,0.93232477,1,1
795,0.93232477,1,1
796,0.090930015,0,0
797,0.090930015,0,0
798,0.5832811,1,0
799,0.23445532,0,0
800,0.17304882,0,0
801,0.90456045,1,0
802,0.24888729,0,0
803,0.91038173,1,0
804,0.7395085,1,0
805,0.7395085,1,0
806,0.46531257,0,0
807,0.46531257,0,0
808,0.6790463,1,1
809,0.9000299,1,1
810,0.9317446,1,1
811,0.9271973,1,1
812,0.9271973,1,1
813,0.07987981,0,0
814,0.07987981,0,0
815,0.8668039,1,1
816,0.82711965,1,1
817,0.31406617,0,1
818,0.85330397,1,1
819,0.71593124,1,1
820,0.90446717,1,1
821,0.933934,1,1
822,0.65788794,1,1
823,0.65788794,1,1
824,0.09366889,0,1
825,0.081534,0,1
826,0.081534,0,1
827,0.93227005,1,0
828,0.93271095,1,0
829,0.9313493,1,0
830,0.9313493,1,0
831,0.31673643,0,0
832,0.38093597,0,0
833,0.38093597,0,0
834,0.9223331,1,0
835,0.9316023,1,0
836,0.7448197,1,0
837,0.7448197,1,0
838,0.22340523,0,0
839,0.6692821,1,0
840,0.6692821,1,0
841,0.92890537,1,1
842,0.6377095,1,1
843,0.6377095,1,1
844,0.93395454,1,1
845,0.8399196,1,1
846,0.2480804,0,1
847,0.93582666,1,1
848,0.93540615,1,1
849,0.9333112,1,1
850,0.90874726,1,1
851,0.90874726,1,1
852,0.6980601,1,1
853,0.8197652,1,1
854,0.30821177,0,1
855,0.6006425,1,1
856,0.40144882,0,1
857,0.6022011,1,1
858,0.6683011,1,1
859,0.4744496,0,1
860,0.93016857,1,1
861,0.93016857,1,1
862,0.72778654,1,1
863,0.86032027,1,1
864,0.92560285,1,0
865,0.92560285,1,0
866,0.6438157,1,1
867,0.9308365,1,1
868,0.9128118,1,1
869,0.93376786,1,1
870,0.92350584,1,1
871,0.92350584,1,1
872,0.6522501,1,1
873,0.1096749,0,1
874,0.1096749,0,1
875,0.9331872,1,1
876,0.9331118,1,1
877,0.93452847,1,1
878,0.92795384,1,1
879,0.92795384,1,1
880,0.33393946,0,1
881,0.26039183,0,1
882,0.5515481,1,1
883,0.69460714,1,1
884,0.6680589,1,1
885,0.6609122,1,1
886,0.62165475,1,1
887,0.9344799,1,1
888,0.49159494,0,1
889,0.93290603,1,1
890,0.93290603,1,1
891,0.12949605,0,0
892,0.053754892,0,0
893,0.053754892,0,0
894,0.9320242,1,0
895,0.8890345,1,0
896,0.92623824,1,0
897,0.88773423,1,0
898,0.9342018,1,0
899,0.92728543,1,0
900,0.92728543,1,0
901,0.8406449,1,1
902,0.8406449,1,1
903,0.3159496,0,1
904,0.5567339,1,1
905,0.21351683,0,1
906,0.21351683,0,1
907,0.5952178,1,1
908,0.93186283,1,1
909,0.93368447,1,1
910,0.9331928,1,1
911,0.93113613,1,1
912,0.9349546,1,1
913,0.9349546,1,1
914,0.7722983,1,0
915,0.6692288,1,0
916,0.7510512,1,0
917,0.9337055,1,0
918,0.93718743,1,0
919,0.93718743,1,0
920,0.6475895,1,1
921,0.6084378,1,1
922,0.9132119,1,1
923,0.9132119,1,1
924,0.4110755,0,0
925,0.93510616,1,0
926,0.41229984,0,0
927,0.03223996,0,0
928,0.03223996,0,0
929,0.044478852,0,0
930,0.044478852,0,0
931,0.70601696,1,0
932,0.24560714,0,0
933,0.93331105,1,0
934,0.8210739,1,0
935,0.9292341,1,0
936,0.9292341,1,0
937,0.15428688,0,1
938,0.76476717,1,1
939,0.16547109,0,1
940,0.58773994,1,1
941,0.58773994,1,1
942,0.933857,1,1
943,0.90128815,1,1
944,0.9336228,1,1
945,0.92857033,1,1
946,0.92857033,1,1
947,0.7019261,1,0
948,0.23320888,0,0
949,0.44938755,0,0
950,0.21558438,0,0
951,0.8633529,1,0
952,0.92438287,1,1
953,0.6776436,1,1
954,0.6776436,1,1
955,0.62436754,1,0
956,0.79678476,1,0
957,0.5316241,1,0
958,0.5859175,1,0
959,0.5859175,1,0
960,0.92639863,1,0
961,0.783271,1,0
962,0.33941728,0,0
963,0.33941728,0,0
964,0.17603941,0,0
965,0.024829203,0,0
966,0.024829203,0,0
967,0.9317844,1,1
968,0.9295806,1,1
969,0.9345319,1,1
970,0.9345319,1,1
971,0.16407809,0,1
972,0.21755977,0,1
973,0.9305966,1,1
974,0.110334024,0,1
975,0.8430924,1,1
976,0.8430924,1,1
977,0.72962457,1,1
978,0.28732553,0,1
979,0.9272804,1,1
980,0.9329106,1,1
981,0.9329106,1,1
982,0.5063232,1,1
983,0.6930669,1,1
984,0.9324941,1,1
985,0.63087827,1,1
986,0.9337989,1,1
987,0.9337989,1,1
988,0.8851425,1,1
989,0.2800097,0,1
990,0.91897553,1,1
991,0.9329967,1,1
992,0.93569493,1,1
993,0.93569493,1,1
994,0.7103046,1,1
995,0.8788953,1,1
996,0.8788953,1,1
997,0.339202,0,0
998,0.77983695,1,0
999,0.80492246,1,0
1000,0.9336292,1,0
1001,0.93362486,1,0
1002,0.93362486,1,0
1003,0.22590843,0,0
1004,0.027012566,0,0
1005,0.027012566,0,0
1006,0.55429476,1,0
1007,0.856607,1,0
1008,0.20690626,0,0
1009,0.20690626,0,0
1010,0.6962696,1,1
1011,0.81464314,1,1
1012,0.75494784,1,1
1013,0.9314845,1,1
1014,0.9113024,1,1
1015,0.9284585,1,1
1016,0.93363345,1,1
1017,0.24759132,0,1
1018,0.61764205,1,1
1019,0.9324995,1,1
1020,0.9324995,1,1
1021,0.17864862,0,0
1022,0.19193657,0,0
1023,0.9325697,1,0
1024,0.93107593,1,0
1025,0.93107593,1,0
1026,0.031148039,0,0
1027,0.031148039,0,0
1028,0.06268729,0,1
1029,0.8540086,1,1
1030,0.5734448,1,1
1031,0.02730859,0,1
1032,0.02730859,0,1
1033,0.2973627,0,1
1034,0.21067423,0,1
1035,0.93428314,1,1
1036,0.9329671,1,1
1037,0.92660254,1,1
1038,0.7831914,1,1
1039,0.31262675,0,1
1040,0.43614623,0,1
1041,0.7683388,1,1
1042,0.93447167,1,1
1043,0.93447167,1,1
1044,0.22082214,0,0
1045,0.6425358,1,0
1046,0.056386124,0,0
1047,0.056386124,0,0
1048,0.60492206,1,0
1049,0.5904994,1,0
1050,0.5904994,1,0
1051,0.93286455,1,1
1052,0.20757669,0,1
1053,0.8554248,1,1
1054,0.9200472,1,1
1055,0.9200472,1,1
1056,0.7866185,1,1
1057,0.4088727,0,1
1058,0.33520257,0,1
1059,0.87836677,1,1
1060,0.87836677,1,1
1061,0.933447,1,1
1062,0.9326479,1,1
1063,0.2328703,0,1
1064,0.6797348,1,1
1065,0.87718904,1,1
1066,0.10948927,0,1
1067,0.10948927,0,1
1068,0.18665063,0,0
1069,0.21902531,0,0
1070,0.033591274,0,0
1071,0.22904927,0,0
1072,0.02314873,0,0
1073,0.02314873,0,0
1074,0.29325175,0,1
1075,0.16183025,0,1
1076,0.29594558,0,1
1077,0.29594558,0,1
1078,0.9282278,1,1
1079,0.8795819,1,1
1080,0.9336819,1,1
1081,0.9336819,1,1
1082,0.93336546,1,1
1083,0.76586825,1,1
1084,0.2900811,0,1
1085,0.9356321,1,1
1086,0.57819766,1,1
1087,0.8292553,1,1
1088,0.90409595,1,1
1089,0.90409595,1,1
1090,0.024929661,0,0
1091,0.17965427,0,0
1092,0.17965427,0,0
1093,0.70222825,1,1
1094,0.7824429,1,1
1095,0.93038934,1,1
1096,0.8784188,1,1
1097,0.5352931,1,1
1098,0.8140323,1,1
1099,0.8140323,1,1
1100,0.9340803,1,1
1101,0.92501915,1,1
1102,0.43221012,0,1
1103,0.93425786,1,1
1104,0.93751943,1,1
1105,0.9350945,1,1
1106,0.88419896,1,1
1107,0.88419896,1,1
1108,0.9322338,1,0
1109,0.8928715,1,0
1110,0.93213713,1,0
1111,0.9101466,1,0
1112,0.9101466,1,0
1113,0.22253242,0,0
1114,0.41593406,0,0
1115,0.41593406,0,0
1116,0.9306643,1,1
1117,0.93496233,1,1
1118,0.4927576,0,1
1119,0.9298301,1,1
1120,0.13281462,0,1
1121,0.86998403,1,1
1122,0.92012215,1,1
1123,0.92012215,1,1
1124,0.29020754,0,0
1125,0.42434427,0,0
1126,0.44223487,0,0
1127,0.44223487,0,0
1128,0.9307837,1,1
1129,0.87027323,1,1
1130,0.56734574,1,1
1131,0.9324036,1,1
1132,0.85424376,1,1
1133,0.80878806,1,1
1134,0.922176,1,1
1135,0.922176,1,1
1136,0.49108577,0,0
1137,0.6350498,1,0
1138,0.9072826,1,0
1139,0.9072826,1,0
1140,0.929018,1,1
1141,0.9296613,1,1
1142,0.9320301,1,1
1143,0.89233476,1,1
1144,0.89233476,1,1
1145,0.23045155,0,0
1146,0.66885155,1,0
1147,0.9289214,1,0
1148,0.932566,1,0
1149,0.46294016,0,0
1150,0.9287446,1,0
1151,0.9370598,1,1
1152,0.8522861,1,1
1153,0.77085835,1,1
1154,0.9218364,1,1
1155,0.73168117,1,1
1156,0.5789201,1,1
1157,0.91646415,1,1
1158,0.9323165,1,1
1159,0.9278236,1,1
1160,0.9340591,1,1
1161,0.7801313,1,1
1162,0.9163185,1,1
1163,0.8861079,1,1
1164,0.84379685,1,1
1165,0.84379685,1,1
1166,0.709275,1,0
1167,0.586283,1,0
1168,0.92513263,1,0
1169,0.07683475,0,0
1170,0.93050057,1,0
1171,0.57108873,1,1
1172,0.89711446,1,1
1173,0.92946464,1,1
1174,0.9278279,1,1
1175,0.9278279,1,1
1176,0.41151768,0,0
1177,0.78387827,1,0
1178,0.4390498,0,0
1179,0.4390498,0,0
1180,0.46098652,0,0
1181,0.6925122,1,0
1182,0.63846767,1,0
1183,0.62308264,1,0
1184,0.2165759,0,0
1185,0.2165759,0,0
1186,0.8938512,1,1
1187,0.5438458,1,1
1188,0.5438458,1,1
1189,0.72451663,1,1
1190,0.111847185,0,1
1191,0.76795083,1,1
1192,0.6051702,1,1
1193,0.6051702,1,1
1194,0.71245426,1,1
1195,0.18220082,0,1
1196,0.6539432,1,1
1197,0.5398044,1,1
1198,0.55377764,1,1
1199,0.20055877,0,1
1200,0.8882954,1,1
1201,0.8765011,1,1
1202,0.67110664,1,1
1203,0.65630156,1,1
1204,0.90783465,1,1
1205,0.9269521,1,1
1206,0.929988,1,1
1207,0.932327,1,1
1208,0.932327,1,1
1209,0.1816561,0,0
1210,0.1816561,0,0
1211,0.8117214,1,0
1212,0.8117214,1,0
1213,0.32478255,0,0
1214,0.024064044,0,0
1215,0.024064044,0,0
1216,0.57543766,1,1
1217,0.79451156,1,1
1218,0.9324544,1,1
1219,0.74025303,1,1
1220,0.8036963,1,1
1221,0.61538553,1,1
1222,0.5972685,1,1
1223,0.5972685,1,1
1224,0.90808827,1,1
1225,0.0458832,0,1
1226,0.6875691,1,1
1227,0.9283383,1,1
1228,0.9283383,1,1
1229,0.6217888,1,1
1230,0.8697603,1,1
1231,0.4876816,0,1
1232,0.72132915,1,1
1233,0.91865295,1,1
1234,0.6940374,1,1
1235,0.9300937,1,1
1236,0.59012365,1,1
1237,0.86754274,1,1
1238,0.86754274,1,1
1239,0.25170165,0,1
1240,0.040730767,0,1
1241,0.040730767,0,1
1242,0.12327131,0,0
1243,0.17789516,0,0
1244,0.81800777,1,0
1245,0.37256426,0,0
1246,0.2779688,0,0
1247,0.515481,1,0
1248,0.9230136,1,0
1249,0.9230136,1,0
1250,0.49829248,0,1
1251,0.8748999,1,1
1252,0.83218914,1,1
1253,0.10355292,0,1
1254,0.10355292,0,1
1255,0.26907396,0,0
1256,0.34831202,0,0
1257,0.64526063,1,0
1258,0.055485476,0,0
1259,0.055485476,0,0
1260,0.028856266,0,1
1261,0.026692333,0,1
1262,0.029649513,0,1
1263,0.029649513,0,1
1264,0.9245455,1,0
1265,0.19833337,0,0
1266,0.4937347,0,0
1267,0.83917874,1,0
1268,0.92820907,1,0
1269,0.92820907,1,0
1270,0.7036462,1,1
1271,0.24064922,0,1
1272,0.76007783,1,1
1273,0.19481072,0,1
1274,0.19481072,0,1
1275,0.13189693,0,0
1276,0.23641652,0,0
1277,0.92179334,1,0
1278,0.92179334,1,0
1279,0.4971167,0,0
1280,0.6334024,1,0
1281,0.6334024,1,0
1282,0.035563607,0,0
1283,0.060338456,0,0
1284,0.02714397,0,0
1285,0.02714397,0,0
1286,0.58009136,1,1
1287,0.81158465,1,1
1288,0.5936715,1,1
1289,0.15968853,0,1
1290,0.64900184,1,1
1291,0.64900184,1,1
1292,0.9354458,1,1
1293,0.9347178,1,1
1294,0.9337765,1,1
1295,0.9324387,1,1
1296,0.7699019,1,1
1297,0.9340857,1,1
1298,0.9340289,1,1
1299,0.9370133,1,1
1300,0.93784523,1,1
1301,0.93784523,1,1
1302,0.5341388,1,0
1303,0.5341388,1,0
1304,0.48880988,0,1
1305,0.5898651,1,1
1306,0.5487929,1,1
1307,0.7552861,1,1
1308,0.8135966,1,1
1309,0.8135966,1,1
1310,0.17681877,0,0
1311,0.17681877,0,0
1312,0.93096656,1,1
1313,0.9210305,1,1
1314,0.9210305,1,1
1315,0.9276999,1,1
1316,0.93166304,1,1
1317,0.8317843,1,1
1318,0.93388844,1,1
1319,0.9302707,1,1
1320,0.9302707,1,1
1321,0.4769502,0,1
1322,0.5735575,1,1
1323,0.93514353,1,1
1324,0.93514353,1,1
1325,0.24993066,0,0
1326,0.3266948,0,1
1327,0.3266948,0,1
1328,0.90864533,1,0
1329,0.8276631,1,0
1330,0.8276631,1,0
1331,0.22710496,0,0
1332,0.22710496,0,0
1333,0.23796521,0,0
1334,0.3830374,0,0
1335,0.060332503,0,0
1336,0.9189834,1,0
1337,0.5079677,1,0
1338,0.6738923,1,0
1339,0.6738923,1,0
1340,0.9337711,1,1
1341,0.92482513,1,1
1342,0.9351345,1,1
1343,0.84324634,1,1
1344,0.84324634,1,1
1345,0.5198188,1,0
1346,0.75109136,1,0
1347,0.22915494,0,0
1348,0.22915494,0,0
1349,0.17825367,0,0
1350,0.8802859,1,0
1351,0.28143358,0,0
1352,0.8183287,1,0
1353,0.93227,1,0
1354,0.93227,1,0
1355,0.91769964,1,0
1356,0.93189216,1,0
1357,0.93189216,1,0
1358,0.93239295,1,0
1359,0.58944607,1,0
1360,0.8835346,1,0
1361,0.8835346,1,0
1362,0.6275915,1,0
1363,0.36858526,0,0
1364,0.65631664,1,0
1365,0.9310128,1,0
1366,0.9310128,1,0
1367,0.63199294,1,1
1368,0.86662614,1,1
1369,0.93294245,1,1
1370,0.93294245,1,1
1371,0.6294001,1,1
1372,0.87125593,1,1
1373,0.3264874,0,1
1374,0.6632218,1,1
1375,0.5716239,1,1
1376,0.89931184,1,1
1377,0.93025994,1,1
1378,0.93421125,1,1
1379,0.93421125,1,1
1380,0.9117193,1,1
1381,0.9160332,1,1
1382,0.77815384,1,1
1383,0.5370594,1,1
1384,0.9342037,1,1
1385,0.93293065,1,1
1386,0.9289431,1,1
1387,0.7426302,1,1
1388,0.73876965,1,1
1389,0.91801345,1,1
1390,0.91801345,1,1
1391,0.9239605,1,1
1392,0.8528554,1,1
1393,0.9184623,1,1
1394,0.93239516,1,1
1395,0.92061895,1,1
1396,0.66400915,1,1
1397,0.66400915,1,1
1398,0.25136817,0,1
1399,0.89716274,1,1
1400,0.85687155,1,1
1401,0.46646616,0,1
1402,0.9074353,1,1
1403,0.070977695,0,1
1404,0.7496139,1,1
1405,0.92767483,1,1
1406,0.92767483,1,1
1407,0.47131652,0,0
1408,0.579693,1,0
1409,0.579693,1,0
1410,0.46470475,0,1
1411,0.7570817,1,1
1412,0.6458631,1,1
1413,0.93430346,1,1
1414,0.9338738,1,1
1415,0.8286893,1,1
1416,0.8286893,1,1
1417,0.49311057,0,0
1418,0.8968883,1,0
1419,0.1933095,0,0
1420,0.1933095,0,0
1421,0.9338766,1,0
1422,0.9351866,1,0
1423,0.93028307,1,0
1424,0.93028307,1,0
1425,0.658846,1,0
1426,0.046410065,0,0
1427,0.046410065,0,0
1428,0.83293265,1,1
1429,0.9206303,1,1
1430,0.5164096,1,1
1431,0.67554265,1,1
1432,0.67554265,1,1
1433,0.93251693,1,1
1434,0.22695349,0,1
1435,0.81272537,1,1
1436,0.28724176,0,1
1437,0.5037978,1,1
1438,0.81131375,1,1
1439,0.9328797,1,1
1440,0.9328797,1,1
1441,0.5072918,1,0
1442,0.40855318,0,0
1443,0.40855318,0,0
1444,0.5980743,1,1
1445,0.8123804,1,1
1446,0.5925728,1,1
1447,0.9274957,1,1
1448,0.07809126,0,1
1449,0.7791631,1,0
1450,0.2729491,0,0
1451,0.10680104,0,0
1452,0.10680104,0,0
1453,0.56139493,1,0
1454,0.9338403,1,0
1455,0.85661405,1,0
1456,0.85661405,1,0
1457,0.26078865,0,1
1458,0.9154668,1,1
1459,0.5540831,1,1
1460,0.5540831,1,1
1461,0.93081564,1,1
1462,0.6377253,1,1
1463,0.74865913,1,1
1464,0.74865913,1,1
1465,0.92571497,1,1
1466,0.9253596,1,1
1467,0.8143888,1,1
1468,0.47668293,0,1
1469,0.023299312,0,1
1470,0.023299312,0,1
1471,0.5081579,1,0
1472,0.5081579,1,0
1473,0.66147125,1,1
1474,0.22535285,0,1
1475,0.026905784,0,1
1476,0.07300387,0,1
1477,0.07300387,0,1
1478,0.92619485,1,1
1479,0.87153524,1,1
1480,0.93541896,1,1
1481,0.9276127,1,1
1482,0.47553453,0,0
1483,0.8780378,1,0
1484,0.21125694,0,0
1485,0.21125694,0,0
1486,0.5248843,1,1
1487,0.8497538,1,1
1488,0.2541237,0,1
1489,0.57553643,1,1
1490,0.8323569,1,1
1491,0.90535474,1,1
1492,0.90895325,1,1
1493,0.90895325,1,1
1494,0.9304936,1,1
1495,0.9298607,1,1
1496,0.027288321,0,1
1497,0.74458873,1,1
1498,0.74458873,1,1
1499,0.932019,1,0
1500,0.79941845,1,0
1501,0.9158646,1,0
1502,0.92045194,1,0
1503,0.92045194,1,0
1504,0.08549798,0,0
1505,0.23624772,0,0
1506,0.4108007,0,0
1507,0.23044355,0,0
1508,0.22291881,0,0
1509,0.6210551,1,0
1510,0.19352384,0,0
1511,0.90914804,1,0
1512,0.05773549,0,0
1513,0.05773549,0,0
1514,0.18011041,0,0
1515,0.11364929,0,0
1516,0.5251724,1,0
1517,0.5251724,1,0
1518,0.37969977,0,1
1519,0.37208495,0,1
1520,0.5887062,1,1
1521,0.5770745,1,1
1522,0.87389,1,1
1523,0.69991845,1,1
1524,0.28111178,0,1
1525,0.26357886,0,1
1526,0.26357886,0,1
1527,0.9200408,1,1
1528,0.2167519,0,1
1529,0.60862625,1,1
1530,0.9259159,1,1
1531,0.929377,1,1
1532,0.929377,1,1
1533,0.1668008,0,0
1534,0.044007756,0,0
1535,0.044007756,0,0
1536,0.5847567,1,0
1537,0.8464097,1,0
1538,0.9291944,1,0
1539,0.93279886,1,0
1540,0.93279886,1,0
1541,0.59803385,1,0
1542,0.28394955,0,0
1543,0.24824876,0,0
1544,0.24824876,0,0
1545,0.023406425,0,1
1546,0.18415242,0,1
1547,0.18415242,0,1
1548,0.70154226,1,1
1549,0.89366263,1,1
1550,0.75483817,1,1
1551,0.17690985,0,1
1552,0.17690985,0,1
1553,0.7674408,1,1
1554,0.26698625,0,1
1555,0.2577433,0,1
1556,0.63605225,1,1
1557,0.91351527,1,1
1558,0.91351527,1,1
1559,0.9195644,1,1
1560,0.49395606,0,1
1561,0.26631182,0,1
1562,0.93060184,1,1
1563,0.93060184,1,1
1564,0.73988813,1,0
1565,0.5634735,1,0
1566,0.7990411,1,0
1567,0.7063364,1,0
1568,0.89847827,1,0
1569,0.89847827,1,0
1570,0.37188464,0,0
1571,0.53866035,1,0
1572,0.08931585,0,0
1573,0.027006427,0,0
1574,0.027006427,0,0
1575,0.35204217,0,1
1576,0.89789605,1,1
1577,0.26518217,0,1
1578,0.9325398,1,1
1579,0.9325398,1,1
1580,0.58638436,1,1
1581,0.23933873,0,1
1582,0.23933873,0,1
1583,0.932855,1,0
1584,0.93323463,1,0
1585,0.93367815,1,0
1586,0.9202829,1,0
1587,0.9202829,1,0
1588,0.933699,1,1
1589,0.933699,1,1
1590,0.14042406,0,0
1591,0.33859816,0,0
1592,0.33859816,0,0
1593,0.87307465,1,0
1594,0.5937067,1,0
1595,0.7022465,1,0
1596,0.8240234,1,0
1597,0.8240234,1,0
1598,0.9336344,1,0
1599,0.92923903,1,0
1600,0.9254707,1,0
1601,0.9230705,1,0
1602,0.7419973,1,0
1603,0.9147874,1,0
1604,0.9147874,1,0
1605,0.025108702,0,1
1606,0.7645461,1,1
1607,0.8510359,1,1
1608,0.5199388,1,1
1609,0.90889806,1,1
1610,0.90889806,1,1
1611,0.16916695,0,0
1612,0.63598984,1,0
1613,0.63598984,1,0
1614,0.32638377,0,0
1615,0.88885546,1,0
1616,0.47040588,0,0
1617,0.9254017,1,0
1618,0.9254017,1,0
1619,0.34518084,0,0
1620,0.34518084,0,0
1621,0.6630473,1,1
1622,0.2259816,0,1
1623,0.5030019,1,1
1624,0.7567604,1,1
1625,0.13723198,0,1
1626,0.9327627,1,1
1627,0.9327627,1,1
1628,0.9342517,1,0
1629,0.8792661,1,0
1630,0.9343855,1,0
1631,0.9348211,1,0
1632,0.647441,1,0
1633,0.9331823,1,0
1634,0.9331823,1,0
1635,0.8145673,1,1
1636,0.7991341,1,1
1637,0.59502983,1,1
1638,0.5210338,1,1
1639,0.7643144,1,1
1640,0.6946074,1,1
1641,0.779026,1,1
1642,0.8086956,1,1
1643,0.7153414,1,1
1644,0.82358783,1,1
1645,0.9331105,1,1
1646,0.9331105,1,1
1647,0.4488312,0,0
1648,0.9012339,1,0
1649,0.16399217,0,0
1650,0.16399217,0,0
1651,0.2772467,0,1
1652,0.17673904,0,1
1653,0.023881799,0,1
1654,0.023881799,0,1
1655,0.83681464,1,1
1656,0.7793869,1,1
1657,0.62080026,1,1
1658,0.5175313,1,1
1659,0.7978194,1,1
1660,0.69710535,1,1
1661,0.5987883,1,1
1662,0.8576773,1,1
1663,0.8576773,1,1
1664,0.22060561,0,1
1665,0.025141353,0,1
1666,0.05016497,0,1
1667,0.05016497,0,1
1668,0.93331176,1,1
1669,0.76256496,1,1
1670,0.8725751,1,1
1671,0.73907244,1,1
1672,0.9374655,1,1
1673,0.5907469,1,1
1674,0.5907469,1,1
1675,0.826673,1,1
1676,0.7854568,1,1
1677,0.8929939,1,1
1678,0.6014811,1,1
1679,0.6956777,1,1
1680,0.9203119,1,1
1681,0.9203119,1,1
1682,0.07242486,0,0
1683,0.91744554,1,0
1684,0.40821806,0,0
1685,0.6275915,1,0
1686,0.62641054,1,0
1687,0.57842153,1,0
1688,0.6561499,1,0
1689,0.025016472,0,0
1690,0.025016472,0,0
1691,0.9329908,1,0
1692,0.48006344,0,0
1693,0.786059,1,0
1694,0.5819577,1,0
1695,0.92360926,1,0
1696,0.93210244,1,0
1697,0.93210244,1,0
1698,0.9339891,1,1
1699,0.9311649,1,1
1700,0.93211126,1,1
1701,0.9296212,1,1
1702,0.9296212,1,1
1703,0.21092688,0,0
1704,0.49246028,0,0
1705,0.3289244,0,0
1706,0.023576146,0,0
1707,0.023576146,0,0
1708,0.90839654,1,1
1709,0.81619793,1,1
1710,0.4949443,0,1
1711,0.9103214,1,1
1712,0.43345973,0,1
1713,0.43345973,0,1
1714,0.71103245,1,1
1715,0.57994246,1,1
1716,0.8458407,1,1
1717,0.6060966,1,1
1718,0.92947537,1,1
1719,0.92840385,1,1
1720,0.9285791,1,1
1721,0.93270874,1,0
1722,0.769931,1,0
1723,0.9072684,1,0
1724,0.59064966,1,0
1725,0.59064966,1,0
1726,0.069219865,0,0
1727,0.4506339,0,0
1728,0.15059853,0,0
1729,0.19243611,0,0
1730,0.33117372,0,0
1731,0.33117372,0,0
1732,0.66545147,1,1
1733,0.6375714,1,1
1734,0.40879294,0,1
1735,0.3374449,0,1
1736,0.63288754,1,1
1737,0.63288754,1,1
1738,0.43654263,0,0
1739,0.6425263,1,0
1740,0.28405914,0,0
1741,0.802031,1,0
1742,0.92746586,1,0
1743,0.587647,1,0
1744,0.48863593,0,0
1745,0.48863593,0,0
1746,0.45879546,0,0
1747,0.5398336,1,0
1748,0.13286324,0,0
1749,0.2670905,0,0
1750,0.2670905,0,0
1751,0.9308316,1,0
1752,0.8304689,1,0
1753,0.8304689,1,0
1754,0.12943475,0,0
1755,0.23703203,0,0
1756,0.89333314,1,0
1757,0.8903228,1,0
1758,0.8903228,1,0
1759,0.9259478,1,0
1760,0.7499492,1,0
1761,0.79839694,1,0
1762,0.7001565,1,0
1763,0.02688784,0,0
1764,0.92430186,1,0
1765,0.92430186,1,0
1766,0.07319135,0,0
1767,0.65154845,1,0
1768,0.07634437,0,0
1769,0.24450223,0,0
1770,0.12031136,0,0
1771,0.12031136,0,0
1772,0.08172316,0,1
1773,0.6276342,1,1
1774,0.9040969,1,1
1775,0.930918,1,1
1776,0.561075,1,1
1777,0.93205047,1,1
1778,0.93205047,1,1
1779,0.77670074,1,1
1780,0.8586597,1,1
1781,0.60182256,1,1
1782,0.13329776,0,1
1783,0.13329776,0,1
1784,0.73023045,1,1
1785,0.924581,1,1
1786,0.9254226,1,1
1787,0.9340362,1,1
1788,0.9340362,1,1
1789,0.21553683,0,0
1790,0.48685682,0,0
1791,0.03495307,0,0
1792,0.03495307,0,0
1793,0.75424445,1,0
1794,0.09769985,0,0
1795,0.8490499,1,0
1796,0.2199265,0,0
1797,0.2199265,0,0
1798,0.6545679,1,0
1799,0.49486822,0,0
1800,0.2499242,0,0
1801,0.2499242,0,0
1802,0.8332492,1,1
1803,0.9253771,1,1
1804,0.5719639,1,1
1805,0.64073,1,1
1806,0.21311446,0,1
1807,0.93422925,1,1
1808,0.9307113,1,1
1809,0.9307113,1,1
1810,0.18941423,0,0
1811,0.2170218,0,0
1812,0.18961856,0,0
1813,0.6533461,1,0
1814,0.11400525,0,0
1815,0.34407187,0,0
1816,0.34407187,0,0
1817,0.8535877,1,0
1818,0.9093208,1,0
1819,0.933819,1,0
1820,0.9229242,1,0
1821,0.93490887,1,0
1822,0.68026197,1,0
1823,0.92102265,1,0
1824,0.92102265,1,0
1825,0.6233063,1,0
1826,0.5444265,1,0
1827,0.5247675,1,0
1828,0.30393735,0,0
1829,0.30393735,0,0
1830,0.13496728,0,0
1831,0.8384692,1,0
1832,0.91736436,1,0
1833,0.91736436,1,0
1834,0.6257511,1,0
1835,0.5325641,1,0
1836,0.31901956,0,0
1837,0.18655638,0,0
1838,0.9313511,1,0
1839,0.9313511,1,0
1840,0.04342669,0,1
1841,0.9197952,1,1
1842,0.44144237,0,1
1843,0.023220457,0,1
1844,0.035943545,0,1
1845,0.09230001,0,1
1846,0.09230001,0,1
1847,0.38284603,0,0
1848,0.53839004,1,0
1849,0.92699045,1,0
1850,0.80643284,1,0
1851,0.8913863,1,0
1852,0.926661,1,0
1853,0.9341727,1,0
1854,0.9341727,1,0
1855,0.8227235,1,1
1856,0.9316248,1,1
1857,0.735726,1,1
1858,0.63041574,1,1
1859,0.85494846,1,1
1860,0.93123895,1,1
1861,0.90926445,1,1
1862,0.9333634,1,1
1863,0.9264946,1,1
1864,0.9264946,1,1
1865,0.17851773,0,0
1866,0.20280288,0,0
1867,0.026845474,0,0
1868,0.080433935,0,0
1869,0.080433935,0,0
1870,0.22718918,0,0
1871,0.93398553,1,0
1872,0.5849033,1,0
1873,0.5849033,1,0
1874,0.5865842,1,0
1875,0.22783563,0,0
1876,0.22887543,0,0
1877,0.67538875,1,0
1878,0.22487478,0,0
1879,0.5789424,1,0
1880,0.8752727,1,0
1881,0.8532866,1,0
1882,0.7038683,1,0
1883,0.9250932,1,0
1884,0.9250932,1,0
1885,0.75521296,1,1
1886,0.9332232,1,1
1887,0.9274985,1,1
1888,0.9373361,1,1
1889,0.9373361,1,1
1890,0.19695598,0,0
1891,0.5362684,1,0
1892,0.14492339,0,0
1893,0.16596054,0,0
1894,0.030792933,0,0
1895,0.53630716,1,0
1896,0.7106799,1,0
1897,0.758109,1,0
1898,0.14230637,0,0
1899,0.14230637,0,0
1900,0.20850983,0,0
1901,0.02698136,0,0
1902,0.02395635,0,0
1903,0.02395635,0,0
1904,0.03298875,0,0
1905,0.19030312,0,0
1906,0.6916744,1,0
1907,0.9300246,1,0
1908,0.9300246,1,0
1909,0.023023704,0,0
1910,0.47054046,0,0
1911,0.49544537,0,0
1912,0.07480459,0,0
1913,0.53057027,1,0
1914,0.14802891,0,0
1915,0.14802891,0,0
1916,0.9293303,1,1
1917,0.31967485,0,1
1918,0.9326544,1,1
1919,0.93341404,1,1
1920,0.8190387,1,1
1921,0.3947156,0,1
1922,0.3947156,0,1
1923,0.23923744,0,0
1924,0.5921526,1,0
1925,0.1021993,0,0
1926,0.9156226,1,0
1927,0.9156226,1,0
1928,0.6322218,1,1
1929,0.63554925,1,1
1930,0.7479875,1,1
1931,0.4666284,0,1
1932,0.9332178,1,1
1933,0.9332178,1,1
1934,0.19541565,0,0
1935,0.2877465,0,0
1936,0.060245954,0,0
1937,0.060245954,0,0
1938,0.935625,1,1
1939,0.90979874,1,1
1940,0.7362868,1,1
1941,0.9310735,1,1
1942,0.93232185,1,1
1943,0.93313557,1,1
1944,0.5786304,1,1
1945,0.934142,1,1
1946,0.934142,1,1
1947,0.023034086,0,0
1948,0.19521613,0,0
1949,0.92097056,1,0
1950,0.8364792,1,0
1951,0.8908632,1,0
1952,0.8908632,1,0
1953,0.5428037,1,1
1954,0.48140877,0,1
1955,0.5960743,1,1
1956,0.9325048,1,1
1957,0.9325048,1,1
1958,0.26230463,0,0
1959,0.54706186,1,0
1960,0.5744263,1,0
1961,0.79623365,1,0
1962,0.13585833,0,0
1963,0.13585833,0,0
1964,0.52151084,1,1
1965,0.9326172,1,1
1966,0.8994176,1,1
1967,0.89619017,1,1
1968,0.9307932,1,1
1969,0.9307932,1,1
1970,0.19720377,0,0
1971,0.9275196,1,1
1972,0.9337826,1,1
1973,0.41251913,0,1
1974,0.15430994,0,1
1975,0.8911695,1,1
1976,0.9254272,1,1
1977,0.19626403,0,0
1978,0.22306457,0,0
1979,0.9044638,1,0
1980,0.04893457,0,0
1981,0.04893457,0,0
1982,0.024262344,0,0
1983,0.04069087,0,0
1984,0.024390914,0,0
1985,0.024390914,0,0
1986,0.024414515,0,0
1987,0.5332346,1,0
1988,0.5332346,1,0
1989,0.14238656,0,1
1990,0.5542667,1,1
1991,0.82990235,1,1
1992,0.07740416,0,1
1993,0.096598804,0,1
1994,0.28284276,0,1
1995,0.28284276,0,1
1996,0.7910599,1,1
1997,0.8946236,1,1
1998,0.93001986,1,1
1999,0.93396217,1,1
2000,0.50461173,1,1
2001,0.9340703,1,1
2002,0.93405885,1,1
2003,0.12751652,0,1
2004,0.12751652,0,1
2005,0.59025156,1,1
2006,0.9288234,1,1
2007,0.77866167,1,1
2008,0.34287062,0,1
2009,0.7417202,1,1
2010,0.9350037,1,1
2011,0.92408365,1,1
2012,0.65843254,1,1
2013,0.9334124,1,1
2014,0.90433246,1,1
2015,0.90403336,1,1
2016,0.9320982,1,1
2017,0.93298393,1,1
2018,0.93298393,1,1
2019,0.93398786,1,1
2020,0.9282202,1,1
2021,0.60929906,1,1
2022,0.9334149,1,1
2023,0.73907083,1,1
2024,0.9240961,1,1
2025,0.9240961,1,1
2026,0.21452944,0,0
2027,0.08407176,0,0
2028,0.7099433,1,0
2029,0.7551564,1,0
2030,0.9323678,1,0
2031,0.8336035,1,0
2032,0.19456717,0,0
2033,0.6228766,1,0
2034,0.023682222,0,0
2035,0.023682222,0,0
2036,0.9249052,1,0
2037,0.9332661,1,0
2038,0.9268275,1,0
2039,0.041797858,0,0
2040,0.86193967,1,0
2041,0.8989435,1,0
2042,0.8989435,1,0
2043,0.5087737,1,0
2044,0.23090827,0,0
2045,0.74904686,1,0
2046,0.92348164,1,0
2047,0.93326855,1,0
2048,0.93326855,1,0
2049,0.79728943,1,0
2050,0.5456072,1,0
2051,0.8961807,1,0
2052,0.8961807,1,0
2053,0.92983675,1,1
2054,0.9199454,1,1
2055,0.9313739,1,1
2056,0.25857562,0,1
2057,0.9319895,1,1
2058,0.79919577,1,1
2059,0.4436896,0,1
2060,0.38723466,0,1
2061,0.032850325,0,1
2062,0.9172028,1,1
2063,0.9172028,1,1
2064,0.9331955,1,1
2065,0.87423944,1,1
2066,0.92921364,1,1
2067,0.5454369,1,1
2068,0.5035747,1,1
2069,0.5035747,1,1
2070,0.92692035,1,1
2071,0.28908053,0,1
2072,0.7008169,1,1
2073,0.8783631,1,1
2074,0.25593787,0,1
2075,0.25593787,0,1
2076,0.23617734,0,0
2077,0.10782985,0,0
2078,0.30877277,0,0
2079,0.13891785,0,0
2080,0.89197433,1,0
2081,0.89197433,1,0
2082,0.20095436,0,1
2083,0.18692587,0,1
2084,0.63896614,1,1
2085,0.90695834,1,1
2086,0.9302352,1,1
2087,0.023308892,0,1
2088,0.57309955,1,1
2089,0.32375953,0,1
2090,0.32375953,0,1
2091,0.93232715,1,1
2092,0.7346869,1,1
2093,0.819855,1,1
2094,0.903615,1,1
2095,0.9292028,1,1
2096,0.9339408,1,1
2097,0.8545446,1,1
2098,0.93106294,1,1
2099,0.18695983,0,1
2100,0.9289313,1,1
2101,0.9289313,1,1
2102,0.4461777,0,1
2103,0.8370166,1,1
2104,0.70808554,1,1
2105,0.54947394,1,1
2106,0.12172922,0,1
2107,0.7407089,1,1
2108,0.7407089,1,1
2109,0.08910137,0,0
2110,0.62392694,1,0
2111,0.32264557,0,0
2112,0.11913821,0,0
2113,0.023960685,0,0
2114,0.21976997,0,0
2115,0.46375725,0,1
2116,0.30017945,0,1
2117,0.37133285,0,1
2118,0.13951352,0,1
2119,0.6614809,1,1
2120,0.6614809,1,1
2121,0.8384567,1,0
2122,0.82769084,1,0
2123,0.66126305,1,0
2124,0.9151173,1,0
2125,0.74288833,1,0
2126,0.21066503,0,0
2127,0.21066503,0,0
2128,0.13170297,0,0
2129,0.83732647,1,0
2130,0.026803927,0,0
2131,0.02862898,0,0
2132,0.02862898,0,0
2133,0.85686475,1,1
2134,0.9309683,1,1
2135,0.72158897,1,1
2136,0.92784536,1,1
2137,0.9277811,1,1
2138,0.92613655,1,1
2139,0.92796236,1,1
2140,0.92796236,1,1
2141,0.08721321,0,0
2142,0.59758866,1,0
2143,0.90759254,1,0
2144,0.15166576,0,0
2145,0.9255919,1,0
2146,0.9255919,1,0
2147,0.8183081,1,1
2148,0.9046192,1,1
2149,0.24891153,0,1
2150,0.9001753,1,1
2151,0.8884341,1,1
2152,0.8884341,1,1
2153,0.5379279,1,0
2154,0.36608216,0,0
2155,0.09168738,0,0
2156,0.24662217,0,0
2157,0.024609001,0,0
2158,0.025123628,0,0
2159,0.024760539,0,1
2160,0.22649463,0,1
2161,0.55396307,1,1
2162,0.44802868,0,1
2163,0.44802868,0,1
2164,0.26730806,0,0
2165,0.8406433,1,0
2166,0.58308613,1,0
2167,0.57240283,1,0
2168,0.22089034,0,0
2169,0.5334795,1,0
2170,0.02328706,0,0
2171,0.02328706,0,0
2172,0.8494652,1,1
2173,0.639822,1,1
2174,0.73813957,1,1
2175,0.8570394,1,1
2176,0.51148283,1,1
2177,0.5902598,1,1
2178,0.6766557,1,1
2179,0.93206364,1,1
2180,0.93206364,1,1
2181,0.51479596,1,1
2182,0.22313435,0,1
2183,0.93353987,1,1
2184,0.93353987,1,1
2185,0.2619173,0,1
2186,0.15826951,0,1
2187,0.22625192,0,1
2188,0.30238652,0,1
2189,0.92954695,1,1
2190,0.92954695,1,1
2191,0.60545975,1,0
2192,0.7746693,1,0
2193,0.8233418,1,0
2194,0.024385694,0,0
2195,0.9258888,1,0
2196,0.142756,0,0
2197,0.6910541,1,0
2198,0.8582545,1,0
2199,0.9302735,1,0
2200,0.5796302,1,0
2201,0.5796302,1,0
2202,0.558954,1,0
2203,0.7177878,1,0
2204,0.7177878,1,0
2205,0.6779329,1,0
2206,0.86252683,1,0
2207,0.67434543,1,0
2208,0.9315112,1,0
2209,0.93077636,1,0
2210,0.90852326,1,0
2211,0.93001056,1,0
2212,0.93001056,1,0
2213,0.93004996,1,1
2214,0.7991543,1,1
2215,0.46446288,0,1
2216,0.36681366,0,1
2217,0.36681366,0,1
2218,0.15037006,0,0
2219,0.93299246,1,0
2220,0.6567922,1,0
2221,0.77542305,1,0
2222,0.8700642,1,0
2223,0.17839454,0,0
2224,0.17839454,0,0
2225,0.63960004,1,1
2226,0.8596088,1,1
2227,0.70676,1,1
2228,0.46187147,0,1
2229,0.6950563,1,1
2230,0.9031442,1,1
2231,0.9000572,1,1
2232,0.9000572,1,1
2233,0.91168046,1,1
2234,0.9152675,1,1
2235,0.9152675,1,1
2236,0.20679924,0,0
2237,0.38652775,0,0
2238,0.025966087,0,0
2239,0.025966087,0,0
2240,0.05304731,0,0
2241,0.9211977,1,0
2242,0.922707,1,0
2243,0.21998641,0,0
2244,0.93386817,1,0
2245,0.030861352,0,0
2246,0.030861352,0,0
2247,0.59351313,1,1
2248,0.69224244,1,1
2249,0.8954417,1,1
2250,0.4169995,0,1
2251,0.02317239,0,1
2252,0.80970585,1,1
2253,0.6167305,1,1
2254,0.9045115,1,1
2255,0.9093806,1,1
2256,0.9093806,1,1
2257,0.93408614,1,1
2258,0.9101916,1,1
2259,0.87518024,1,1
2260,0.8442745,1,1
2261,0.13215585,0,1
2262,0.5085579,1,1
2263,0.57718366,1,1
2264,0.57718366,1,1
2265,0.7768403,1,0
2266,0.7494387,1,0
2267,0.9309008,1,0
2268,0.9071845,1,0
2269,0.9308719,1,0
2270,0.9308719,1,0
2271,0.034016374,0,0
2272,0.34167936,0,0
2273,0.022951875,0,0
2274,0.10083569,0,0
2275,0.10083569,0,0
2276,0.91058075,1,0
2277,0.20004146,0,0
2278,0.24442361,0,0
2279,0.55150396,1,0
2280,0.55150396,1,0
2281,0.9148105,1,0
2282,0.7392735,1,0
2283,0.9316028,1,0
2284,0.5722985,1,0
2285,0.14067669,0,0
2286,0.14067669,0,0
2287,0.93295985,1,1
2288,0.9188769,1,1
2289,0.91075194,1,1
2290,0.9342168,1,1
2291,0.9339974,1,1
2292,0.92657113,1,1
2293,0.928875,1,1
2294,0.17162584,0,1
2295,0.17162584,0,1
2296,0.035820868,0,1
2297,0.5689896,1,1
2298,0.12332753,0,1
2299,0.78955203,1,1
2300,0.68791807,1,1
2301,0.7772923,1,1
2302,0.8839774,1,1
2303,0.6954727,1,1
2304,0.9261738,1,1
2305,0.025871288,0,1
2306,0.52046025,1,1
2307,0.66516757,1,1
2308,0.93108267,1,1
2309,0.87851477,1,1
2310,0.9014248,1,1
2311,0.02297964,0,1
2312,0.02297964,0,1
2313,0.5701324,1,1
2314,0.6678036,1,1
2315,0.12554948,0,1
2316,0.052222237,0,1
2317,0.57410336,1,1
2318,0.41783065,0,1
2319,0.85234904,1,1
2320,0.6866238,1,1
2321,0.043937076,0,1
2322,0.043937076,0,1
2323,0.0650256,0,0
2324,0.090867124,0,0
2325,0.26091075,0,0
2326,0.92921036,1,0
2327,0.6305765,1,0
2328,0.61883044,1,0
2329,0.12694213,0,0
2330,0.80660486,1,0
2331,0.80660486,1,0
2332,0.257291,0,1
2333,0.4465021,0,1
2334,0.4805455,0,1
2335,0.24639657,0,1
2336,0.8649334,1,1
2337,0.8772105,1,1
2338,0.93214357,1,1
2339,0.93214357,1,1
2340,0.34660268,0,0
2341,0.603219,1,0
2342,0.023420468,0,0
2343,0.023420468,0,0
2344,0.73167753,1,1
2345,0.23202184,0,1
2346,0.92484134,1,1
2347,0.88080055,1,1
2348,0.5537144,1,1
2349,0.17778091,0,1
2350,0.63082635,1,1
2351,0.92979205,1,1
2352,0.25154752,0,1
2353,0.25154752,0,1
2354,0.36152336,0,0
2355,0.93303823,1,0
2356,0.8685374,1,0
2357,0.78679967,1,0
2358,0.64493716,1,0
2359,0.80327743,1,0
2360,0.80327743,1,0
2361,0.93311095,1,0
2362,0.68715847,1,0
2363,0.2972247,0,0
2364,0.509067,1,0
2365,0.87137765,1,0
2366,0.93355036,1,0
2367,0.9363576,1,0
2368,0.900957,1,0
2369,0.6127071,1,0
2370,0.93287283,1,0
2371,0.93287283,1,0
2372,0.9276184,1,0
2373,0.78828603,1,0
2374,0.32082945,0,0
2375,0.92567927,1,0
2376,0.83310634,1,0
2377,0.19782549,0,0
2378,0.19782549,0,0
2379,0.027628688,0,0
2380,0.2043569,0,0
2381,0.09833896,0,0
2382,0.09833896,0,0
2383,0.34055707,0,0
2384,0.527879,1,0
2385,0.49116614,0,0
2386,0.9349151,1,0
2387,0.70518804,1,0
2388,0.78498983,1,0
2389,0.58677965,1,0
2390,0.71464497,1,0
2391,0.03986509,0,0
2392,0.19707778,0,0
2393,0.19707778,0,0
2394,0.22520217,0,0
2395,0.8147578,1,0
2396,0.024049021,0,0
2397,0.024049021,0,0
2398,0.37741697,0,1
2399,0.2103867,0,1
2400,0.90462005,1,1
2401,0.20639934,0,1
2402,0.16604581,0,1
2403,0.93372333,1,1
2404,0.8798963,1,1
2405,0.36097357,0,1
2406,0.8946299,1,1
2407,0.93340564,1,1
2408,0.5471034,1,1
2409,0.19529308,0,1
2410,0.5476924,1,1
2411,0.20680071,0,1
2412,0.20680071,0,1
2413,0.9182808,1,1
2414,0.93359077,1,1
2415,0.4127262,0,1
2416,0.44427922,0,1
2417,0.9305025,1,1
2418,0.9305025,1,1
2419,0.09906909,0,0
2420,0.031041149,0,0
2421,0.031041149,0,0
2422,0.5139798,1,0
2423,0.237564,0,0
2424,0.75950444,1,0
2425,0.50615627,1,0
2426,0.8437398,1,0
2427,0.65651554,1,0
2428,0.5634242,1,0
2429,0.21238175,0,0
2430,0.21238175,0,0
2431,0.933345,1,1
2432,0.73292035,1,1
2433,0.9336913,1,1
2434,0.9351701,1,1
2435,0.6443333,1,1
2436,0.8485063,1,1
2437,0.8485063,1,1
2438,0.2185114,0,0
2439,0.9138486,1,0
2440,0.79777265,1,0
2441,0.318125,0,0
2442,0.318125,0,0
2443,0.20595846,0,0
2444,0.15895666,0,0
2445,0.9329046,1,0
2446,0.9329046,1,0
2447,0.5026102,1,1
2448,0.4544172,0,1
2449,0.7394011,1,1
2450,0.7704643,1,1
2451,0.7704643,1,1
2452,0.8537339,1,0
2453,0.8983411,1,0
2454,0.17448033,0,0
2455,0.9314715,1,0
2456,0.16243039,0,0
2457,0.9304907,1,0
2458,0.9304907,1,0
2459,0.5235343,1,0
2460,0.5235343,1,0
2461,0.21428183,0,1
2462,0.60456806,1,1
2463,0.23814873,0,1
2464,0.022924457,0,1
2465,0.22655927,0,1
2466,0.26008815,0,1
2467,0.8699521,1,1
2468,0.6062617,1,1
2469,0.9278141,1,1
2470,0.9278141,1,1
2471,0.48799968,0,0
2472,0.70175034,1,0
2473,0.09102529,0,0
2474,0.09102529,0,0
2475,0.9318589,1,0
2476,0.9195473,1,0
2477,0.5347698,1,0
2478,0.8894151,1,0
2479,0.5224578,1,0
2480,0.5224578,1,0
2481,0.8409115,1,1
2482,0.23071054,0,1
2483,0.48095143,0,1
2484,0.76118296,1,1
2485,0.9329186,1,1
2486,0.9329186,1,1
2487,0.9208301,1,1
2488,0.32344094,0,1
2489,0.9289529,1,1
2490,0.18413542,0,1
2491,0.18413542,0,1
2492,0.7181573,1,1
2493,0.8686126,1,1
2494,0.90037495,1,1
2495,0.8338466,1,1
2496,0.75189275,1,1
2497,0.71015555,1,1
2498,0.93194246,1,1
2499,0.93194246,1,1
2500,0.79506284,1,0
2501,0.18068707,0,0
2502,0.79936445,1,0
2503,0.9107427,1,0
2504,0.9208079,1,0
2505,0.9208079,1,0
2506,0.92986757,1,1
2507,0.59163326,1,1
2508,0.9034886,1,1
2509,0.79077923,1,1
2510,0.8728481,1,1
2511,0.7093953,1,1
2512,0.6786593,1,1
2513,0.18752147,0,1
2514,0.8975035,1,1
2515,0.8975035,1,1
2516,0.9356771,1,1
2517,0.9221391,1,1
2518,0.8272081,1,1
2519,0.8946029,1,1
2520,0.9360326,1,1
2521,0.93402755,1,1
2522,0.9343792,1,1
2523,0.9049777,1,1
2524,0.9049777,1,1
2525,0.4101572,0,0
2526,0.1848981,0,0
2527,0.1848981,0,0
2528,0.9335492,1,1
2529,0.9312862,1,1
2530,0.9339545,1,1
2531,0.93407094,1,1
2532,0.9366833,1,1
2533,0.9366833,1,1
2534,0.046094615,0,1
2535,0.6206453,1,1
2536,0.6033719,1,1
2537,0.41037345,0,1
2538,0.14512935,0,1
2539,0.23234269,0,1
2540,0.26654902,0,1
2541,0.9306052,1,1
2542,0.34410858,0,1
2543,0.34410858,0,1
2544,0.5849931,1,1
2545,0.10483808,0,1
2546,0.10483808,0,1
2547,0.89514303,1,1
2548,0.88051635,1,1
2549,0.5592364,1,1
2550,0.9302012,1,1
2551,0.4790838,0,1
2552,0.6047595,1,1
2553,0.64244866,1,1
2554,0.6628456,1,1
2555,0.5798161,1,1
2556,0.91551477,1,1
2557,0.91551477,1,1
2558,0.93396765,1,1
2559,0.5814537,1,1
2560,0.9311991,1,1
2561,0.9325136,1,1
2562,0.9312388,1,1
2563,0.6728901,1,1
2564,0.26156926,0,1
2565,0.044414967,0,1
2566,0.044414967,0,1
2567,0.6187963,1,1
2568,0.7290601,1,1
2569,0.61886597,1,1
2570,0.7280594,1,1
2571,0.8866557,1,1
2572,0.92489856,1,1
2573,0.92489856,1,1
2574,0.9326769,1,1
2575,0.928943,1,1
2576,0.7058064,1,1
2577,0.93395007,1,1
2578,0.69702995,1,1
2579,0.9016174,1,1
2580,0.8828271,1,1
2581,0.8828271,1,1
2582,0.25955674,0,0
2583,0.12244108,0,0
2584,0.1708338,0,0
2585,0.1708338,0,0
2586,0.7193097,1,0
2587,0.20080796,0,0
2588,0.62295455,1,0
2589,0.62295455,1,0
2590,0.9360484,1,0
2591,0.93547016,1,0
2592,0.5744802,1,0
2593,0.87798715,1,0
2594,0.8129894,1,0
2595,0.90721637,1,0
2596,0.90721637,1,0
2597,0.9323674,1,1
2598,0.5299121,1,1
2599,0.59827965,1,1
2600,0.55253595,1,1
2601,0.8926682,1,1
2602,0.8926682,1,1
2603,0.6448298,1,1
2604,0.5707774,1,1
2605,0.8898704,1,1
2606,0.90843534,1,1
2607,0.9259059,1,1
2608,0.9333726,1,1
2609,0.933594,1,1
2610,0.9285604,1,1
2611,0.9317913,1,1
2612,0.9317913,1,1
2613,0.19580819,0,0
2614,0.02357711,0,0
2615,0.02537715,0,0
2616,0.030793674,0,0
2617,0.2019857,0,0
2618,0.2019857,0,0
2619,0.8284092,1,0
2620,0.35974672,0,0
2621,0.9344774,1,0
2622,0.85573006,1,0
2623,0.8823476,1,0
2624,0.8745684,1,0
2625,0.9272246,1,0
2626,0.9272246,1,0
2627,0.6481689,1,1
2628,0.34978512,0,1
2629,0.90621567,1,1
2630,0.5061693,1,1
2631,0.8057256,1,1
2632,0.6424453,1,1
2633,0.8651596,1,1
2634,0.6614495,1,1
2635,0.79094505,1,1
2636,0.27706206,0,1
2637,0.8163999,1,1
2638,0.69922185,1,1
2639,0.93231,1,1
2640,0.81982166,1,1
2641,0.36629322,0,1
2642,0.881093,1,1
2643,0.6757191,1,1
2644,0.4418803,0,1
2645,0.40693247,0,1
2646,0.40693247,0,1
2647,0.9221526,1,0
2648,0.25120765,0,0
2649,0.3967053,0,0
2650,0.3967053,0,0
2651,0.33852983,0,0
2652,0.49217808,0,0
2653,0.49217808,0,0
2654,0.9343054,1,1
2655,0.4439111,0,1
2656,0.4439111,0,1
2657,0.83991086,1,1
2658,0.92742723,1,1
2659,0.9323872,1,1
2660,0.9263651,1,1
2661,0.8047726,1,1
2662,0.8047726,1,1
2663,0.25284812,0,0
2664,0.36111802,0,0
2665,0.62870264,1,0
2666,0.92485523,1,0
2667,0.92485523,1,0
2668,0.8707154,1,0
2669,0.76579446,1,0
2670,0.79770297,1,0
2671,0.8054478,1,0
2672,0.90964335,1,0
2673,0.8141208,1,0
2674,0.9328559,1,0
2675,0.9328559,1,0
2676,0.6794968,1,0
2677,0.49951935,0,0
2678,0.63763106,1,0
2679,0.90742403,1,0
2680,0.7890037,1,0
2681,0.60491526,1,0
2682,0.06725582,0,0
2683,0.06725582,0,0
2684,0.21118131,0,0
2685,0.22036752,0,0
2686,0.16925094,0,0
2687,0.041176308,0,0
2688,0.07859475,0,0
2689,0.07859475,0,0
2690,0.7331125,1,1
2691,0.91525495,1,1
2692,0.9150858,1,1
2693,0.33483607,0,1
2694,0.7605125,1,1
2695,0.7605125,1,1
2696,0.735725,1,1
2697,0.8213535,1,1
2698,0.897966,1,1
2699,0.19648924,0,1
2700,0.19648924,0,1
2701,0.8909766,1,1
2702,0.8720777,1,1
2703,0.22482872,0,1
2704,0.8395793,1,1
2705,0.35831633,0,1
2706,0.5959191,1,1
2707,0.8968089,1,1
2708,0.7320784,1,1
2709,0.7320784,1,1
2710,0.63100517,1,0
2711,0.615768,1,0
2712,0.82973456,1,0
2713,0.04903411,0,0
2714,0.6890318,1,0
2715,0.922755,1,0
2716,0.9277349,1,0
2717,0.9054166,1,0
2718,0.9054166,1,0
2719,0.9312495,1,0
2720,0.5129121,1,0
2721,0.8062143,1,0
2722,0.88934416,1,0
2723,0.8573778,1,0
2724,0.8573778,1,0
2725,0.13397957,0,0
2726,0.23369682,0,0
2727,0.24635465,0,0
2728,0.24635465,0,0
2729,0.8642397,1,0
2730,0.6005239,1,0
2731,0.5967253,1,0
2732,0.92645246,1,0
2733,0.5794627,1,0
2734,0.93030316,1,0
2735,0.34647828,0,0
2736,0.8982133,1,0
2737,0.20217758,0,0
2738,0.20217758,0,0
2739,0.26443988,0,0
2740,0.93355095,1,0
2741,0.9212458,1,0
2742,0.9332148,1,0
2743,0.9339875,1,0
2744,0.785328,1,0
2745,0.76934016,1,0
2746,0.66880226,1,0
2747,0.93344325,1,0
2748,0.92928886,1,0
2749,0.92981625,1,0
2750,0.1545844,0,0
2751,0.9340935,1,0
2752,0.933093,1,0
2753,0.933093,1,0
2754,0.3064824,0,1
2755,0.13946944,0,1
2756,0.54220945,1,1
2757,0.22222762,0,1
2758,0.5373003,1,1
2759,0.42502615,0,1
2760,0.9337634,1,1
2761,0.803446,1,1
2762,0.92668843,1,1
2763,0.9342336,1,1
2764,0.73478544,1,1
2765,0.8555981,1,1
2766,0.40443903,0,1
2767,0.40443903,0,1
2768,0.13546959,0,0
2769,0.2535703,0,0
2770,0.024508039,0,0
2771,0.6895593,1,1
2772,0.68450403,1,1
2773,0.9295853,1,1
2774,0.9295853,1,1
2775,0.43812647,0,1
2776,0.77062774,1,1
2777,0.13868754,0,1
2778,0.5815027,1,1
2779,0.6836023,1,1
2780,0.25975662,0,1
2781,0.5218185,1,1
2782,0.919924,1,1
2783,0.919924,1,1
2784,0.9326158,1,1
2785,0.9339964,1,1
2786,0.2265553,0,1
2787,0.749257,1,1
2788,0.19012235,0,1
2789,0.8498352,1,1
2790,0.931987,1,1
2791,0.7044487,1,1
2792,0.4266652,0,0
2793,0.6394272,1,0
2794,0.5644124,1,0
2795,0.6965615,1,0
2796,0.596313,1,0
2797,0.596313,1,0
2798,0.7595607,1,0
2799,0.9307263,1,0
2800,0.9030446,1,0
2801,0.91874313,1,0
2802,0.92816204,1,0
2803,0.92816204,1,0
2804,0.334867,0,1
2805,0.14074829,0,1
2806,0.54780924,1,1
2807,0.9028909,1,1
2808,0.9028909,1,1
2809,0.3461054,0,1
2810,0.89749235,1,1
2811,0.77563536,1,1
2812,0.72877574,1,1
2813,0.72877574,1,1
2814,0.9244833,1,1
2815,0.83383834,1,1
2816,0.06768523,0,1
2817,0.6424071,1,1
2818,0.6424071,1,1
2819,0.21168624,0,1
2820,0.034454897,0,1
2821,0.024499098,0,1
2822,0.024499098,0,1
2823,0.9225201,1,0
2824,0.023039438,0,0
2825,0.3846397,0,0
2826,0.3846397,0,0
2827,0.152836,0,1
2828,0.66233563,1,1
2829,0.11752747,0,1
2830,0.88146234,1,1
2831,0.9325112,1,1
2832,0.9325112,1,1
2833,0.21479231,0,1
2834,0.75836647,1,1
2835,0.2507413,0,1
2836,0.25108445,0,1
2837,0.1568914,0,1
2838,0.023809327,0,1
2839,0.023809327,0,1
2840,0.77029645,1,0
2841,0.031764295,0,0
2842,0.10501768,0,0
2843,0.25550526,0,0
2844,0.072572544,0,0
2845,0.20311692,0,0
2846,0.20311692,0,0
2847,0.43230647,0,1
2848,0.40525928,0,1
2849,0.8941527,1,1
2850,0.5480364,1,1
2851,0.93280107,1,1
2852,0.25975353,0,1
2853,0.84734315,1,1
2854,0.93369424,1,1
2855,0.7757566,1,1
2856,0.9334037,1,1
2857,0.92944455,1,1
2858,0.8070324,1,1
2859,0.8070324,1,1
2860,0.17904237,0,0
2861,0.17214866,0,0
2862,0.12882258,0,0
2863,0.04882176,0,0
2864,0.04882176,0,0
2865,0.15892711,0,1
2866,0.88271123,1,1
2867,0.17225608,0,1
2868,0.36542213,0,1
2869,0.0498909,0,1
2870,0.7047203,1,1
2871,0.6715736,1,1
2872,0.82713974,1,1
2873,0.9306901,1,1
2874,0.8320805,1,1
2875,0.5856505,1,1
2876,0.5623297,1,1
2877,0.85988307,1,1
2878,0.92464244,1,1
2879,0.27373073,0,1
2880,0.924555,1,1
2881,0.924555,1,1
2882,0.22355591,0,1
2883,0.14304642,0,1
2884,0.123045765,0,1
2885,0.7053569,1,1
2886,0.7053569,1,1
2887,0.22570735,0,0
2888,0.27050704,0,0
2889,0.05140691,0,0
2890,0.05140691,0,0
2891,0.029578825,0,0
2892,0.24086885,0,0
2893,0.24086885,0,0
2894,0.928133,1,1
2895,0.17303343,0,1
2896,0.65342665,1,1
2897,0.65342665,1,1
2898,0.67941105,1,1
2899,0.30613416,0,1
2900,0.92066944,1,1
2901,0.8940591,1,1
2902,0.93717307,1,1
2903,0.93717307,1,1
2904,0.19439687,0,0
2905,0.5012223,1,0
2906,0.88667756,1,0
2907,0.88667756,1,0
2908,0.120739214,0,0
2909,0.20813648,0,0
2910,0.12229459,0,0
2911,0.031859282,0,0
2912,0.05084057,0,0
2913,0.05084057,0,0
2914,0.9290515,1,0
2915,0.7159751,1,0
2916,0.6408249,1,0
2917,0.02634648,0,0
2918,0.02634648,0,0
2919,0.93475425,1,0
2920,0.40873894,0,0
2921,0.81813556,1,0
2922,0.6485089,1,0
2923,0.09986557,0,0
2924,0.09986557,0,0
2925,0.41285333,0,1
2926,0.8046814,1,1
2927,0.9336259,1,1
2928,0.024990816,0,1
2929,0.024990816,0,1
2930,0.30400732,0,1
2931,0.7691087,1,1
2932,0.7609017,1,1
2933,0.932905,1,1
2934,0.93202466,1,1
2935,0.75747156,1,1
2936,0.5352002,1,1
2937,0.5352002,1,1
2938,0.8378983,1,0
2939,0.33080563,0,0
2940,0.927284,1,0
2941,0.5937099,1,0
2942,0.2553107,0,0
2943,0.2553107,0,0
2944,0.12569737,0,0
2945,0.4812285,0,0
2946,0.07104292,0,0
2947,0.023886539,0,0
2948,0.023886539,0,0
2949,0.9032274,1,0
2950,0.9327156,1,0
2951,0.61342704,1,0
2952,0.61342704,1,0
2953,0.10972675,0,1
2954,0.9219885,1,1
2955,0.8659919,1,1
2956,0.5260331,1,1
2957,0.8366502,1,1
2958,0.79723614,1,1
2959,0.9348799,1,1
2960,0.648471,1,1
2961,0.9326395,1,1
2962,0.9336558,1,1
2963,0.9336558,1,1
2964,0.26200855,0,0
2965,0.22919473,0,0
2966,0.50363785,1,0
2967,0.25331995,0,0
2968,0.25331995,0,0
2969,0.9305575,1,1
2970,0.8271603,1,1
2971,0.8554901,1,1
2972,0.83688366,1,1
2973,0.92978764,1,1
2974,0.87303185,1,1
2975,0.87303185,1,1
2976,0.46475905,0,1
2977,0.7035675,1,1
2978,0.873818,1,1
2979,0.24716216,0,1
2980,0.5995037,1,1
2981,0.053256486,0,1
2982,0.053256486,0,1
2983,0.26316556,0,0
2984,0.39211422,0,0
2985,0.2171589,0,0
2986,0.19584382,0,0
2987,0.19584382,0,0
2988,0.6301938,1,0
2989,0.9349937,1,0
2990,0.93113655,1,0
2991,0.93113655,1,0
2992,0.4662317,0,0
2993,0.28250268,0,0
2994,0.28250268,0,0
2995,0.7710529,1,1
2996,0.90116143,1,1
2997,0.90664846,1,1
2998,0.7553625,1,1
2999,0.5054774,1,1
3000,0.52966,1,1
3001,0.25422463,0,1
3002,0.6112451,1,0
3003,0.22215396,0,0
3004,0.5358384,1,0
3005,0.9330657,1,0
3006,0.71990645,1,0
3007,0.6645278,1,0
3008,0.4582977,0,0
3009,0.70495117,1,0
3010,0.92558885,1,0
3011,0.4747755,0,0
3012,0.048836358,0,0
3013,0.7146607,1,0
3014,0.7146607,1,0
3015,0.64914507,1,1
3016,0.58829874,1,1
3017,0.8351275,1,1
3018,0.22558804,0,1
3019,0.22558804,0,1
3020,0.2539631,0,1
3021,0.060873076,0,1
3022,0.21597403,0,1
3023,0.21597403,0,1
3024,0.2536516,0,1
3025,0.21366231,0,1
3026,0.9037974,1,1
3027,0.9037974,1,1
